Team,Player,Position,Match,Diagonal Passes,Square Passes,Triangles Formed,Avg Triangle Angle,Avg Pass Length,Cutback Goals,Shape Efficiency,Key Player,Total Passes,Triangle Ratio,Diagonal Pass %,Triangle Side Length
Klopp's Liverpool 2019,Alisson,GK,1,6,16,1,61.138872239138585,25.455476902678072,0,1.0869565217391304,0,22,0.04545247943275305,0.2727272727272727,30.546572283213685
Klopp's Liverpool 2019,Alisson,GK,2,15,21,4,65.57351269979682,22.778677632507012,0,1.1756756756756757,0,36,0.11110802477708953,0.4166666666666667,27.334413159008413
Klopp's Liverpool 2019,Alisson,GK,3,15,15,3,66.13970668127773,24.160369454119106,0,1.2096774193548387,0,30,0.09999666677777407,0.5,28.992443344942927
Klopp's Liverpool 2019,Alisson,GK,4,6,15,1,63.084428415317554,27.166382061895334,0,1.0909090909090908,0,21,0.04761678015332603,0.2857142857142857,32.5996584742744
Klopp's Liverpool 2019,Alisson,GK,5,13,17,2,51.59511358633563,27.05398955524434,0,1.1774193548387097,0,30,0.06666444451851605,0.43333333333333335,32.4647874662932
Klopp's Liverpool 2019,Alisson,GK,6,8,13,2,56.64589717608175,23.816818094990396,0,1.1363636363636365,0,21,0.09523356030665206,0.38095238095238093,28.580181713988473
Klopp's Liverpool 2019,Alisson,GK,7,12,11,2,63.39440390498203,26.103322272539316,0,1.2083333333333333,0,23,0.08695274118516585,0.5217391304347826,31.323986727047178
Klopp's Liverpool 2019,Alisson,GK,8,7,8,1,79.94822899892327,24.327257423266367,0,1.15625,0,15,0.06666222251849876,0.4666666666666667,29.192708907919638
Klopp's Liverpool 2019,Alisson,GK,9,13,15,3,59.210482426510765,26.085239693535524,0,1.1896551724137931,0,28,0.10713903074890183,0.4642857142857143,31.302287632242628
Klopp's Liverpool 2019,Alisson,GK,10,5,17,1,74.30874511937245,26.088802724081155,0,1.065217391304348,0,22,0.04545247943275305,0.22727272727272727,31.306563268897385
Klopp's Liverpool 2019,Virgil van Dijk,DEF,1,22,13,4,64.41167145868478,16.73563782185695,0,1.2777777777777777,1,35,0.11428244907288364,0.6285714285714286,20.082765386228342
Klopp's Liverpool 2019,Virgil van Dijk,DEF,2,16,14,4,66.14580617100845,19.241821358181376,0,1.2258064516129032,1,30,0.1333288890370321,0.5333333333333333,23.09018562981765
Klopp's Liverpool 2019,Virgil van Dijk,DEF,3,13,18,4,62.24048548303862,16.306351087001378,0,1.171875,1,31,0.12902809586787523,0.41935483870967744,19.56762130440165
Klopp's Liverpool 2019,Virgil van Dijk,DEF,4,16,6,4,60.00160402598336,18.37778692751192,0,1.3043478260869565,1,22,0.1818099177310122,0.7272727272727273,22.053344313014303
Klopp's Liverpool 2019,Virgil van Dijk,DEF,5,21,18,4,58.49343378663805,17.9020560430857,0,1.2375,1,39,0.10256147278274917,0.5384615384615384,21.48246725170284
Klopp's Liverpool 2019,Virgil van Dijk,DEF,6,16,14,4,68.7083020933621,19.57890814480262,0,1.2258064516129032,1,30,0.1333288890370321,0.5333333333333333,23.494689773763145
Klopp's Liverpool 2019,Virgil van Dijk,DEF,7,11,14,2,52.93977628591881,18.041171062685713,0,1.1730769230769231,1,25,0.07999680012799487,0.44,21.649405275222854
Klopp's Liverpool 2019,Virgil van Dijk,DEF,8,13,13,3,36.611596692168064,17.593669832296136,0,1.2037037037037037,1,26,0.11538017768547364,0.5,21.112403798755363
Klopp's Liverpool 2019,Virgil van Dijk,DEF,9,14,10,3,73.60182638395156,18.600859392063157,0,1.24,1,24,0.1249947918836715,0.5833333333333334,22.32103127047579
Klopp's Liverpool 2019,Virgil van Dijk,DEF,10,22,13,6,50.5510267703574,17.943358313195013,0,1.2777777777777777,1,35,0.17142367360932545,0.6285714285714286,21.532029975834014
Klopp's Liverpool 2019,Trent Alexander-Arnold,DEF,1,15,20,4,59.07534544619486,18.89865270773649,0,1.1805555555555556,1,35,0.11428244907288364,0.42857142857142855,22.678383249283787
Klopp's Liverpool 2019,Trent Alexander-Arnold,DEF,2,19,11,4,58.11275843475727,17.947241629683905,0,1.2741935483870968,1,30,0.1333288890370321,0.6333333333333333,21.536689955620684
Klopp's Liverpool 2019,Trent Alexander-Arnold,DEF,3,10,15,2,70.84524051837435,19.333441667181017,0,1.1538461538461537,1,25,0.07999680012799487,0.4,23.200130000617218
Klopp's Liverpool 2019,Trent Alexander-Arnold,DEF,4,16,6,3,71.2963760302559,16.320304780938216,0,1.3043478260869565,1,22,0.13635743829825916,0.7272727272727273,19.584365737125857
Klopp's Liverpool 2019,Trent Alexander-Arnold,DEF,5,16,15,3,78.30432344378816,16.648611147747076,0,1.21875,1,31,0.09677107190090642,0.5161290322580645,19.97833337729649
Klopp's Liverpool 2019,Trent Alexander-Arnold,DEF,6,17,11,4,70.75107820989771,17.545106946480114,0,1.2586206896551724,1,28,0.14285204099853577,0.6071428571428571,21.054128335776138
Klopp's Liverpool 2019,Trent Alexander-Arnold,DEF,7,13,10,3,76.12634305203302,16.31559448973541,0,1.2291666666666667,1,23,0.1304291117777488,0.5652173913043478,19.57871338768249
Klopp's Liverpool 2019,Trent Alexander-Arnold,DEF,8,17,15,5,71.86709204348566,19.389866281543895,0,1.2272727272727273,1,32,0.15624511734008315,0.53125,23.267839537852673
Klopp's Liverpool 2019,Trent Alexander-Arnold,DEF,9,19,12,4,61.62122224526193,16.22504731429185,0,1.265625,1,31,0.12902809586787523,0.6129032258064516,19.47005677715022
Klopp's Liverpool 2019,Trent Alexander-Arnold,DEF,10,18,10,4,62.59699194851752,16.83735586030223,0,1.2758620689655173,1,28,0.14285204099853577,0.6428571428571429,20.204827032362676
Klopp's Liverpool 2019,Andrew Robertson,DEF,1,19,14,5,52.43434664054565,19.417135136725733,0,1.25,0,33,0.15151056028605195,0.5757575757575758,23.30056216407088
Klopp's Liverpool 2019,Andrew Robertson,DEF,2,24,13,5,47.536275203763196,19.5190402684779,0,1.2894736842105263,0,37,0.1351314829328937,0.6486486486486487,23.422848322173483
Klopp's Liverpool 2019,Andrew Robertson,DEF,3,16,10,4,71.08267166344189,17.035682086080563,0,1.2592592592592593,0,26,0.15384023691396484,0.6153846153846154,20.442818503296674
Klopp's Liverpool 2019,Andrew Robertson,DEF,4,24,14,6,64.10336078460367,18.089762703276485,0,1.2820512820512822,0,38,0.15789058182679405,0.631578947368421,21.70771524393178
Klopp's Liverpool 2019,Andrew Robertson,DEF,5,5,8,1,45.279109733561825,17.12936940357052,0,1.1071428571428572,0,13,0.07691716021844473,0.38461538461538464,20.555243284284625
Klopp's Liverpool 2019,Andrew Robertson,DEF,6,19,12,4,60.07681205020965,16.73328211925898,0,1.265625,0,31,0.12902809586787523,0.6129032258064516,20.079938543110774
Klopp's Liverpool 2019,Andrew Robertson,DEF,7,24,15,7,74.75823337288563,19.57083391223362,0,1.275,0,39,0.17948257736981105,0.6153846153846154,23.485000694680345
Klopp's Liverpool 2019,Andrew Robertson,DEF,8,18,13,4,76.53894134538491,19.7386017178328,0,1.25,0,31,0.12902809586787523,0.5806451612903226,23.68632206139936
Klopp's Liverpool 2019,Andrew Robertson,DEF,9,13,10,3,78.52039365974326,18.560866607638992,0,1.2291666666666667,0,23,0.1304291117777488,0.5652173913043478,22.27303992916679
Klopp's Liverpool 2019,Andrew Robertson,DEF,10,28,10,7,64.96725620944177,18.778225957043155,0,1.3333333333333333,0,38,0.18420567879792638,0.7368421052631579,22.533871148451784
Klopp's Liverpool 2019,Joel Matip,DEF,1,25,10,5,59.408361649407915,17.539181135240984,0,1.3194444444444444,0,35,0.14285306134110454,0.7142857142857143,21.04701736228918
Klopp's Liverpool 2019,Joel Matip,DEF,2,15,12,3,68.12387243411645,18.320827449528853,0,1.2321428571428572,0,27,0.1111069960371838,0.5555555555555556,21.984992939434623
Klopp's Liverpool 2019,Joel Matip,DEF,3,13,14,3,65.79915263740037,19.733096598601193,0,1.1964285714285714,0,27,0.1111069960371838,0.48148148148148145,23.67971591832143
Klopp's Liverpool 2019,Joel Matip,DEF,4,19,15,4,54.9004579732384,17.140320616586088,0,1.2428571428571429,0,34,0.11764359871768479,0.5588235294117647,20.568384739903305
Klopp's Liverpool 2019,Joel Matip,DEF,5,7,12,1,64.27142311158946,16.539275039056292,0,1.125,0,19,0.0526288090100521,0.3684210526315789,19.84713004686755
Klopp's Liverpool 2019,Joel Matip,DEF,6,27,9,7,67.2156752760824,16.27383930955341,0,1.337837837837838,0,36,0.1944390433599067,0.75,19.528607171464092
Klopp's Liverpool 2019,Joel Matip,DEF,7,20,11,5,77.09230647223939,18.362663188021415,0,1.28125,0,31,0.16128511983484403,0.6451612903225806,22.035195825625696
Klopp's Liverpool 2019,Joel Matip,DEF,8,17,13,4,51.81581859873611,16.34202703052169,0,1.2419354838709677,0,30,0.1333288890370321,0.5666666666666667,19.61043243662603
Klopp's Liverpool 2019,Joel Matip,DEF,9,22,17,5,64.6697473628044,19.528642144233107,0,1.25,0,39,0.12820184097843645,0.5641025641025641,23.43437057307973
Klopp's Liverpool 2019,Joel Matip,DEF,10,15,16,4,51.52213024787491,19.022131004910797,0,1.203125,0,31,0.12902809586787523,0.4838709677419355,22.826557205892957
Klopp's Liverpool 2019,Joe Gomez,DEF,1,23,12,5,62.11937201648721,17.208779065166055,0,1.2916666666666667,0,35,0.14285306134110454,0.6571428571428571,20.650534878199267
Klopp's Liverpool 2019,Joe Gomez,DEF,2,20,7,4,60.58641208485148,19.44503978842524,0,1.3214285714285714,0,27,0.14814266138291174,0.7407407407407407,23.33404774611029
Klopp's Liverpool 2019,Joe Gomez,DEF,3,18,15,5,41.14886301306964,19.495716772385993,0,1.2352941176470589,0,33,0.15151056028605195,0.5454545454545454,23.39486012686319
Klopp's Liverpool 2019,Joe Gomez,DEF,4,15,11,3,54.9187004322315,17.993342592904135,0,1.2407407407407407,0,26,0.11538017768547364,0.5769230769230769,21.59201111148496
Klopp's Liverpool 2019,Joe Gomez,DEF,5,24,3,5,48.74878741117475,16.86359285635749,0,1.3928571428571428,0,27,0.18517832672863968,0.8888888888888888,20.236311427628987
Klopp's Liverpool 2019,Joe Gomez,DEF,6,18,17,5,53.9674929452966,18.645539995128793,0,1.2222222222222223,0,35,0.14285306134110454,0.5142857142857142,22.37464799415455
Klopp's Liverpool 2019,Joe Gomez,DEF,7,6,10,1,64.16216900110935,19.256876092758638,0,1.1176470588235294,0,16,0.06249609399412536,0.375,23.108251311310365
Klopp's Liverpool 2019,Joe Gomez,DEF,8,29,11,6,65.69491612719634,18.469443333729597,0,1.329268292682927,0,40,0.14999625009374767,0.725,22.163332000475517
Klopp's Liverpool 2019,Joe Gomez,DEF,9,16,13,4,74.53176254329354,16.92526138485538,0,1.2333333333333334,0,29,0.13792627840419294,0.5517241379310345,20.310313661826452
Klopp's Liverpool 2019,Joe Gomez,DEF,10,21,12,4,49.19299948326078,17.299554093658916,0,1.2794117647058822,0,33,0.12120844822884155,0.6363636363636364,20.759464912390698
Klopp's Liverpool 2019,Jordan Henderson,MID,1,23,13,5,52.310107355890224,10.868297740425414,0,1.2837837837837838,0,36,0.13888503097136193,0.6388888888888888,13.041957288510496
Klopp's Liverpool 2019,Jordan Henderson,MID,2,30,15,7,55.30581283925458,11.084773687671005,0,1.3043478260869565,0,45,0.15555209884224797,0.6666666666666666,13.301728425205205
Klopp's Liverpool 2019,Jordan Henderson,MID,3,32,15,9,47.484765703212595,12.100512415862926,0,1.3125,0,47,0.19148528754707347,0.6808510638297872,14.520614899035511
Klopp's Liverpool 2019,Jordan Henderson,MID,4,32,15,9,51.90944284163213,13.116075894983807,0,1.3125,0,47,0.19148528754707347,0.6808510638297872,15.739291073980567
Klopp's Liverpool 2019,Jordan Henderson,MID,5,37,16,11,51.908174899779354,12.030218220641512,0,1.3240740740740742,0,53,0.2075432539008698,0.6981132075471698,14.436261864769813
Klopp's Liverpool 2019,Jordan Henderson,MID,6,24,17,6,52.97230042966461,12.718988745844808,0,1.2619047619047619,0,41,0.14633789419770252,0.5853658536585366,15.262786495013769
Klopp's Liverpool 2019,Jordan Henderson,MID,7,35,16,8,52.355418104476726,12.110637139207899,0,1.3173076923076923,0,51,0.1568596694182467,0.6862745098039216,14.532764567049478
Klopp's Liverpool 2019,Jordan Henderson,MID,8,31,14,7,47.57734229034472,11.440088233529316,0,1.315217391304348,0,45,0.15555209884224797,0.6888888888888889,13.728105880235178
Klopp's Liverpool 2019,Jordan Henderson,MID,9,31,14,6,55.209479605771385,12.896121994490514,0,1.315217391304348,0,45,0.13333037043621254,0.6888888888888889,15.475346393388616
Klopp's Liverpool 2019,Jordan Henderson,MID,10,41,15,11,52.14873403585955,12.405792040469482,0,1.3421052631578947,0,56,0.19642506383814576,0.7321428571428571,14.886950448563377
Klopp's Liverpool 2019,Fabinho,MID,1,27,13,6,52.59712793398763,11.722066043822347,0,1.3048780487804879,0,40,0.14999625009374767,0.675,14.066479252586815
Klopp's Liverpool 2019,Fabinho,MID,2,18,16,4,54.74800024700489,13.013354087612953,0,1.2285714285714286,0,34,0.11764359871768479,0.5294117647058824,15.616024905135543
Klopp's Liverpool 2019,Fabinho,MID,3,39,13,11,50.183018294007155,11.782844352668914,0,1.349056603773585,0,52,0.21153439356935444,0.75,14.139413223202697
Klopp's Liverpool 2019,Fabinho,MID,4,18,16,5,54.02287898515315,11.061599975671143,0,1.2285714285714286,0,34,0.14705449839710596,0.5294117647058824,13.273919970805371
Klopp's Liverpool 2019,Fabinho,MID,5,27,12,6,49.929178909365156,12.053695833520324,0,1.3125,0,39,0.15384220917412375,0.6923076923076923,14.464435000224388
Klopp's Liverpool 2019,Fabinho,MID,6,29,14,9,65.12434470247923,12.897849110558905,0,1.3068181818181819,0,43,0.20929745819864656,0.6744186046511628,15.477418932670686
Klopp's Liverpool 2019,Fabinho,MID,7,25,14,7,59.39507077278503,12.979283703205734,0,1.2875,0,39,0.17948257736981105,0.6410256410256411,15.57514044384688
Klopp's Liverpool 2019,Fabinho,MID,8,23,15,5,54.09583307800574,13.143391733721735,0,1.2692307692307692,0,38,0.1315754848556617,0.6052631578947368,15.772070080466081
Klopp's Liverpool 2019,Fabinho,MID,9,28,14,7,47.348604320351065,12.493429895463581,0,1.302325581395349,0,42,0.1666626985071784,0.6666666666666666,14.992115874556298
Klopp's Liverpool 2019,Fabinho,MID,10,27,15,6,48.269296387098976,13.093491311475256,0,1.2906976744186047,0,42,0.1428537415775815,0.6428571428571429,15.712189573770306
Klopp's Liverpool 2019,Georginio Wijnaldum,MID,1,25,10,5,60.42250265145463,12.50895221138201,0,1.3194444444444444,0,35,0.14285306134110454,0.7142857142857143,15.010742653658411
Klopp's Liverpool 2019,Georginio Wijnaldum,MID,2,27,12,7,55.80447102099531,11.199394282346256,0,1.3125,0,39,0.17948257736981105,0.6923076923076923,13.439273138815507
Klopp's Liverpool 2019,Georginio Wijnaldum,MID,3,24,17,6,59.63128745542196,11.103706700912179,0,1.2619047619047619,0,41,0.14633789419770252,0.5853658536585366,13.324448041094614
Klopp's Liverpool 2019,Georginio Wijnaldum,MID,4,26,11,7,56.01676879202499,12.972187506706756,0,1.3157894736842106,0,37,0.1891840761060512,0.7027027027027027,15.566625008048106
Klopp's Liverpool 2019,Georginio Wijnaldum,MID,5,25,6,7,46.15934483646641,12.18798984649033,0,1.359375,0,31,0.22579916776878164,0.8064516129032258,14.625587815788396
Klopp's Liverpool 2019,Georginio Wijnaldum,MID,6,42,13,12,56.60127390644077,11.845212065887823,0,1.3571428571428572,0,55,0.21817785131179435,0.7636363636363637,14.214254479065387
Klopp's Liverpool 2019,Georginio Wijnaldum,MID,7,23,14,6,52.64622450437609,12.243716415311294,0,1.2763157894736843,0,37,0.16215777951947247,0.6216216216216216,14.692459698373552
Klopp's Liverpool 2019,Georginio Wijnaldum,MID,8,33,10,10,61.39519958229627,12.007748028926684,0,1.3522727272727273,0,43,0.2325527313318295,0.7674418604651163,14.40929763471202
Klopp's Liverpool 2019,Georginio Wijnaldum,MID,9,28,14,7,55.26948673516603,12.753640165247834,0,1.302325581395349,0,42,0.1666626985071784,0.6666666666666666,15.3043681982974
Klopp's Liverpool 2019,Georginio Wijnaldum,MID,10,21,17,6,58.27186979696809,11.410122789760052,0,1.2435897435897436,0,38,0.15789058182679405,0.5526315789473685,13.692147347712062
Klopp's Liverpool 2019,James Milner,MID,1,26,14,8,55.538497245533094,12.35136416799792,0,1.2926829268292683,0,40,0.19999500012499688,0.65,14.821637001597503
Klopp's Liverpool 2019,James Milner,MID,2,32,13,9,55.32269031504861,12.012796880006114,0,1.326086956521739,0,45,0.1999955556543188,0.7111111111111111,14.415356256007335
Klopp's Liverpool 2019,James Milner,MID,3,28,21,7,52.298118305064726,11.181246460665495,0,1.26,0,49,0.14285422746474563,0.5714285714285714,13.417495752798594
Klopp's Liverpool 2019,James Milner,MID,4,23,13,6,51.443466600005614,12.264428582967941,0,1.2837837837837838,0,36,0.1666620371656343,0.6388888888888888,14.71731429956153
Klopp's Liverpool 2019,James Milner,MID,5,30,13,8,51.06481860533351,13.051170877102793,0,1.3181818181818181,0,43,0.1860421850654636,0.6976744186046512,15.661405052523351
Klopp's Liverpool 2019,James Milner,MID,6,23,16,5,59.45535270455246,11.80383379416618,0,1.2625,0,39,0.12820184097843645,0.5897435897435898,14.164600552999417
Klopp's Liverpool 2019,James Milner,MID,7,21,15,5,46.73878661323255,12.67426756548117,0,1.2567567567567568,0,36,0.13888503097136193,0.5833333333333334,15.209121078577404
Klopp's Liverpool 2019,James Milner,MID,8,32,13,9,59.574617400589155,11.048583758647236,0,1.326086956521739,0,45,0.1999955556543188,0.7111111111111111,13.258300510376683
Klopp's Liverpool 2019,James Milner,MID,9,26,15,5,52.83681241833236,12.978937440990801,0,1.2857142857142858,0,41,0.12194824516475208,0.6341463414634146,15.57472492918896
Klopp's Liverpool 2019,James Milner,MID,10,38,10,10,50.53757990433698,11.894270845844787,0,1.3673469387755102,0,48,0.20832899314597614,0.7916666666666666,14.273125015013743
Klopp's Liverpool 2019,Naby Keïta,MID,1,34,11,10,59.57038582112017,11.746219765189789,0,1.3478260869565217,0,45,0.22221728406035424,0.7555555555555555,14.095463718227746
Klopp's Liverpool 2019,Naby Keïta,MID,2,23,14,7,65.05134189918277,12.5493651258978,0,1.2763157894736843,0,37,0.1891840761060512,0.6216216216216216,15.05923815107736
Klopp's Liverpool 2019,Naby Keïta,MID,3,19,14,4,55.099977431032094,12.012138720648982,0,1.25,0,33,0.12120844822884155,0.5757575757575758,14.414566464778778
Klopp's Liverpool 2019,Naby Keïta,MID,4,26,16,8,55.121201213127385,11.188110667992259,0,1.2790697674418605,0,42,0.19047165543677533,0.6190476190476191,13.42573280159071
Klopp's Liverpool 2019,Naby Keïta,MID,5,22,9,5,55.57470885879566,12.173039560731901,0,1.3125,0,31,0.16128511983484403,0.7096774193548387,14.60764747287828
Klopp's Liverpool 2019,Naby Keïta,MID,6,35,16,7,56.970644479460546,12.513395001800722,0,1.3173076923076923,0,51,0.13725221074096586,0.6862745098039216,15.016074002160867
Klopp's Liverpool 2019,Naby Keïta,MID,7,19,13,4,43.92088787489666,11.403631295223363,0,1.2575757575757576,0,32,0.1249960938720665,0.59375,13.684357554268034
Klopp's Liverpool 2019,Naby Keïta,MID,8,27,18,6,58.740978921970736,10.918673848030434,0,1.2717391304347827,0,45,0.13333037043621254,0.6,13.10240861763652
Klopp's Liverpool 2019,Naby Keïta,MID,9,28,16,6,52.33928054913449,12.269198929735548,0,1.288888888888889,0,44,0.1363605372605168,0.6363636363636364,14.723038715682657
Klopp's Liverpool 2019,Naby Keïta,MID,10,26,15,7,48.68737702973613,11.515300076032595,0,1.2857142857142858,0,41,0.17072754323065292,0.6341463414634146,13.818360091239114
Klopp's Liverpool 2019,Alex Oxlade-Chamberlain,MID,1,33,13,8,59.03338201082181,12.51127549530025,0,1.3297872340425532,0,46,0.17390926284211214,0.717391304347826,15.013530594360299
Klopp's Liverpool 2019,Alex Oxlade-Chamberlain,MID,2,13,13,3,53.180442180862606,11.584746295782576,0,1.2037037037037037,0,26,0.11538017768547364,0.5,13.90169555493909
Klopp's Liverpool 2019,Alex Oxlade-Chamberlain,MID,3,38,12,10,59.02466695366163,12.575511292646638,0,1.3529411764705883,0,50,0.1999960000799984,0.76,15.090613551175965
Klopp's Liverpool 2019,Alex Oxlade-Chamberlain,MID,4,38,15,10,64.21962871257642,12.89654304545427,0,1.3333333333333333,0,53,0.18867568536442708,0.7169811320754716,15.475851654545124
Klopp's Liverpool 2019,Alex Oxlade-Chamberlain,MID,5,18,10,5,51.39215458829985,12.941068837658596,0,1.2758620689655173,0,28,0.1785650512481697,0.6428571428571429,15.529282605190314
Klopp's Liverpool 2019,Alex Oxlade-Chamberlain,MID,6,28,15,7,52.04347680560527,11.593519091662902,0,1.2954545454545454,0,43,0.16278691193228065,0.6511627906976745,13.912222909995482
Klopp's Liverpool 2019,Alex Oxlade-Chamberlain,MID,7,28,12,7,56.210353351439835,12.571087488607052,0,1.3170731707317074,0,40,0.17499562510937228,0.7,15.085304986328461
Klopp's Liverpool 2019,Alex Oxlade-Chamberlain,MID,8,23,15,5,55.9424319038021,13.087374644693128,0,1.2692307692307692,0,38,0.1315754848556617,0.6052631578947368,15.704849573631753
Klopp's Liverpool 2019,Alex Oxlade-Chamberlain,MID,9,25,17,5,44.94891672716969,12.181726332794891,0,1.2674418604651163,0,42,0.11904478464798458,0.5952380952380952,14.618071599353868
Klopp's Liverpool 2019,Alex Oxlade-Chamberlain,MID,10,21,19,5,57.53227623253881,11.051574338257836,0,1.2317073170731707,0,40,0.12499687507812306,0.525,13.261889205909403
Klopp's Liverpool 2019,Mohamed Salah,FWD,1,19,12,6,63.39925513391695,14.574316810589188,0,1.265625,1,31,0.19354214380181284,0.6129032258064516,17.489180172707027
Klopp's Liverpool 2019,Mohamed Salah,FWD,2,20,9,6,76.43398107149552,14.967173764762158,1,1.3,1,29,0.20688941760628943,0.6896551724137931,17.96060851771459
Klopp's Liverpool 2019,Mohamed Salah,FWD,3,17,5,5,61.61743355752923,14.083369762719036,2,1.326086956521739,1,22,0.22726239716376528,0.7727272727272727,16.900043715262843
Klopp's Liverpool 2019,Mohamed Salah,FWD,4,28,8,8,62.79099749078893,14.774951159780205,1,1.3513513513513513,1,36,0.22221604955417906,0.7777777777777778,17.729941391736244
Klopp's Liverpool 2019,Mohamed Salah,FWD,5,15,15,3,69.28761258880763,12.854985309830107,1,1.2096774193548387,1,30,0.09999666677777407,0.5,15.425982371796128
Klopp's Liverpool 2019,Mohamed Salah,FWD,6,25,5,5,63.81658376126178,13.181697964434134,2,1.3709677419354838,1,30,0.1666611112962901,0.8333333333333334,15.81803755732096
Klopp's Liverpool 2019,Mohamed Salah,FWD,7,26,11,7,66.07985516686031,13.575168923016937,1,1.3157894736842106,1,37,0.1891840761060512,0.7027027027027027,16.290202707620324
Klopp's Liverpool 2019,Mohamed Salah,FWD,8,27,10,8,40.59295985224916,13.083811025270897,1,1.3289473684210527,1,37,0.21621037269262994,0.7297297297297297,15.700573230325077
Klopp's Liverpool 2019,Mohamed Salah,FWD,9,15,7,4,74.92877468188688,14.069127553861737,1,1.2826086956521738,1,22,0.1818099177310122,0.6818181818181818,16.882953064634084
Klopp's Liverpool 2019,Mohamed Salah,FWD,10,24,14,5,68.70340267328845,15.286430868075264,1,1.2820512820512822,1,38,0.1315754848556617,0.631578947368421,18.343717041690315
Klopp's Liverpool 2019,Sadio Mané,FWD,1,29,8,8,69.947501125352,12.807645496167288,3,1.355263157894737,0,37,0.21621037269262994,0.7837837837837838,15.369174595400745
Klopp's Liverpool 2019,Sadio Mané,FWD,2,13,10,3,76.64990882563923,14.108694228299075,1,1.2291666666666667,0,23,0.1304291117777488,0.5652173913043478,16.93043307395889
Klopp's Liverpool 2019,Sadio Mané,FWD,3,32,4,8,86.1924038722895,12.60948597435139,0,1.4054054054054055,0,36,0.22221604955417906,0.8888888888888888,15.131383169221667
Klopp's Liverpool 2019,Sadio Mané,FWD,4,15,12,3,54.82788142099841,13.172862120016973,1,1.2321428571428572,0,27,0.1111069960371838,0.5555555555555556,15.807434544020367
Klopp's Liverpool 2019,Sadio Mané,FWD,5,24,10,6,59.01720665802152,14.648608530975686,2,1.3142857142857143,0,34,0.17646539807652717,0.7058823529411765,17.57833023717082
Klopp's Liverpool 2019,Sadio Mané,FWD,6,17,4,4,59.66995918173666,14.836324638605015,0,1.3409090909090908,0,21,0.19046712061330412,0.8095238095238095,17.803589566326018
Klopp's Liverpool 2019,Sadio Mané,FWD,7,26,7,5,66.57634558440944,13.116231066455143,3,1.3529411764705883,0,33,0.15151056028605195,0.7878787878787878,15.73947727974617
Klopp's Liverpool 2019,Sadio Mané,FWD,8,22,6,6,62.907352883355905,14.249792825667337,0,1.3448275862068966,0,28,0.21427806149780365,0.7857142857142857,17.099751390800805
Klopp's Liverpool 2019,Sadio Mané,FWD,9,25,16,7,66.43100207643099,15.23249297724296,0,1.2738095238095237,0,41,0.17072754323065292,0.6097560975609756,18.27899157269155
Klopp's Liverpool 2019,Sadio Mané,FWD,10,17,12,4,53.777450212070974,14.542522176977412,1,1.25,0,29,0.13792627840419294,0.5862068965517241,17.451026612372893
Klopp's Liverpool 2019,Roberto Firmino,FWD,1,13,5,3,69.58389009957068,14.986622977933722,0,1.2894736842105263,0,18,0.1666574079217821,0.7222222222222222,17.983947573520467
Klopp's Liverpool 2019,Roberto Firmino,FWD,2,16,11,4,79.01500346552157,14.773225219495743,0,1.25,0,27,0.14814266138291174,0.5925925925925926,17.72787026339489
Klopp's Liverpool 2019,Roberto Firmino,FWD,3,14,9,3,69.78140575555808,14.074598337870553,0,1.25,0,23,0.1304291117777488,0.6086956521739131,16.889518005444664
Klopp's Liverpool 2019,Roberto Firmino,FWD,4,19,16,5,51.52290769690597,12.643025502057226,1,1.2361111111111112,0,35,0.14285306134110454,0.5428571428571428,15.171630602468671
Klopp's Liverpool 2019,Roberto Firmino,FWD,5,31,6,8,55.28993176589361,14.701467145950899,1,1.381578947368421,0,37,0.21621037269262994,0.8378378378378378,17.641760575141078
Klopp's Liverpool 2019,Roberto Firmino,FWD,6,24,13,5,55.28937970892267,13.235237445728185,1,1.2894736842105263,0,37,0.1351314829328937,0.6486486486486487,15.882284934873821
Klopp's Liverpool 2019,Roberto Firmino,FWD,7,24,13,6,62.37092802125034,14.555277307033567,1,1.2894736842105263,0,37,0.16215777951947247,0.6486486486486487,17.466332768440278
Klopp's Liverpool 2019,Roberto Firmino,FWD,8,11,5,2,61.94367557593205,13.442681603564283,0,1.2647058823529411,0,16,0.12499218798825072,0.6875,16.131217924277138
Klopp's Liverpool 2019,Roberto Firmino,FWD,9,25,11,5,65.03060116738573,13.215975155311407,3,1.3108108108108107,0,36,0.13888503097136193,0.6944444444444444,15.859170186373687
Klopp's Liverpool 2019,Roberto Firmino,FWD,10,24,13,5,58.764409447008596,13.085444838921022,1,1.2894736842105263,0,37,0.1351314829328937,0.6486486486486487,15.702533806705226
Klopp's Liverpool 2019,Xherdan Shaqiri,FWD,1,17,4,4,61.760911467840785,14.944271998643288,0,1.3409090909090908,0,21,0.19046712061330412,0.8095238095238095,17.933126398371943
Klopp's Liverpool 2019,Xherdan Shaqiri,FWD,2,23,7,6,50.57285213997287,12.930341198423672,2,1.3387096774193548,0,30,0.19999333355554813,0.7666666666666667,15.516409438108406
Klopp's Liverpool 2019,Xherdan Shaqiri,FWD,3,24,12,6,68.3208146141681,13.803287067011867,0,1.2972972972972974,0,36,0.1666620371656343,0.6666666666666666,16.56394448041424
Klopp's Liverpool 2019,Xherdan Shaqiri,FWD,4,25,7,7,64.90840961465345,14.552891548234836,0,1.3484848484848484,0,32,0.2187431642761164,0.78125,17.4634698578818
Klopp's Liverpool 2019,Xherdan Shaqiri,FWD,5,19,10,5,65.81277167591068,12.940544093904265,0,1.2833333333333334,0,29,0.1724078480052412,0.6551724137931034,15.528652912685118
Klopp's Liverpool 2019,Xherdan Shaqiri,FWD,6,27,6,7,57.57671987123428,14.99290117565344,4,1.3676470588235294,0,33,0.21211478440047274,0.8181818181818182,17.99148141078413
Klopp's Liverpool 2019,Xherdan Shaqiri,FWD,7,27,9,6,74.28015659151687,14.002714045204833,1,1.337837837837838,0,36,0.1666620371656343,0.75,16.8032568542458
Klopp's Liverpool 2019,Xherdan Shaqiri,FWD,8,23,14,6,50.65183488653345,14.159035476244883,0,1.2763157894736843,0,37,0.16215777951947247,0.6216216216216216,16.990842571493857
Klopp's Liverpool 2019,Xherdan Shaqiri,FWD,9,18,11,5,70.48071158049261,12.902808638544156,0,1.2666666666666666,0,29,0.1724078480052412,0.6206896551724138,15.483370366252988
Klopp's Liverpool 2019,Xherdan Shaqiri,FWD,10,22,7,6,65.13615614380826,14.709810923100463,0,1.3333333333333333,0,29,0.20688941760628943,0.7586206896551724,17.651773107720555
Klopp's Liverpool 2019,Divock Origi,FWD,1,10,11,2,77.59181321513205,15.148620763948875,0,1.1818181818181819,0,21,0.09523356030665206,0.47619047619047616,18.17834491673865
Klopp's Liverpool 2019,Divock Origi,FWD,2,31,8,8,46.569331851397145,15.210052813798171,0,1.3625,0,39,0.20512294556549834,0.7948717948717948,18.252063376557803
Klopp's Liverpool 2019,Divock Origi,FWD,3,18,9,4,68.41344259345324,13.396713708761757,1,1.2857142857142858,0,27,0.14814266138291174,0.6666666666666666,16.07605645051411
Klopp's Liverpool 2019,Divock Origi,FWD,4,34,8,9,75.48116759269155,12.785272420830507,0,1.372093023255814,0,42,0.21428061236637225,0.8095238095238095,15.342326904996607
Klopp's Liverpool 2019,Divock Origi,FWD,5,19,9,4,90.85975175683896,13.75298967696017,2,1.293103448275862,0,28,0.14285204099853577,0.6785714285714286,16.503587612352202
Klopp's Liverpool 2019,Divock Origi,FWD,6,24,3,7,57.312335899614794,12.616018608317502,0,1.3928571428571428,0,27,0.25924965742009554,0.8888888888888888,15.139222329981001
Klopp's Liverpool 2019,Divock Origi,FWD,7,16,11,4,64.88002655372276,14.607033606758238,1,1.25,0,27,0.14814266138291174,0.5925925925925926,17.528440328109884
Klopp's Liverpool 2019,Divock Origi,FWD,8,17,4,3,74.13940469322992,14.93652648169536,1,1.3409090909090908,0,21,0.14285034045997808,0.8095238095238095,17.92383177803443
Klopp's Liverpool 2019,Divock Origi,FWD,9,30,4,9,61.60469843334013,14.770409017640066,0,1.4,0,34,0.26469809711479075,0.8823529411764706,17.72449082116808
Klopp's Liverpool 2019,Divock Origi,FWD,10,26,6,8,62.11467099318204,12.672260070935447,0,1.3636363636363635,0,32,0.249992187744133,0.8125,15.206712085122536
Pep's Barcelona 2012,Victor Valdés,GK,1,15,9,6,53.876725303294194,19.357975660239774,0,1.26,0,24,0.249989583767343,0.625,23.229570792287728
Pep's Barcelona 2012,Victor Valdés,GK,2,9,8,4,66.63194024655168,18.890084176709788,0,1.1944444444444444,0,17,0.2352802776307276,0.5294117647058824,22.668101012051746
Pep's Barcelona 2012,Victor Valdés,GK,3,11,12,3,81.17044924521683,20.22826373073567,0,1.1875,0,23,0.1304291117777488,0.4782608695652174,24.273916476882803
Pep's Barcelona 2012,Victor Valdés,GK,4,11,8,4,73.43971024405595,19.941489484818202,0,1.225,0,19,0.2105152360402084,0.5789473684210527,23.929787381781843
Pep's Barcelona 2012,Victor Valdés,GK,5,18,9,6,67.46906063416611,20.62997691993977,0,1.2857142857142858,0,27,0.2222139920743676,0.6666666666666666,24.755972303927724
Pep's Barcelona 2012,Victor Valdés,GK,6,9,8,4,52.61184981875718,18.986469690762696,0,1.1944444444444444,0,17,0.2352802776307276,0.5294117647058824,22.783763628915235
Pep's Barcelona 2012,Victor Valdés,GK,7,20,12,7,65.68322129939817,19.831698319443593,0,1.2727272727272727,0,32,0.2187431642761164,0.625,23.79803798333231
Pep's Barcelona 2012,Victor Valdés,GK,8,15,15,6,71.40124875641621,21.514790335304305,0,1.2096774193548387,0,30,0.19999333355554813,0.5,25.817748402365165
Pep's Barcelona 2012,Victor Valdés,GK,9,8,7,2,68.84966416047634,20.642129661745944,0,1.1875,0,15,0.13332444503699753,0.5333333333333333,24.770555594095132
Pep's Barcelona 2012,Victor Valdés,GK,10,18,13,7,68.46052310087033,21.481643314233203,0,1.25,0,31,0.22579916776878164,0.5806451612903226,25.777971977079844
Pep's Barcelona 2012,Dani Alves,DEF,1,28,7,12,69.23507874022037,15.099091684464765,0,1.3611111111111112,0,35,0.3428473472186509,0.8,18.118910021357717
Pep's Barcelona 2012,Dani Alves,DEF,2,16,8,5,54.5219018162177,13.657046300428807,0,1.28,0,24,0.2083246531394525,0.6666666666666666,16.38845556051457
Pep's Barcelona 2012,Dani Alves,DEF,3,25,9,11,53.78865987242078,15.038064216986434,0,1.3285714285714285,0,34,0.32351989647363316,0.7352941176470589,18.04567706038372
Pep's Barcelona 2012,Dani Alves,DEF,4,31,8,11,65.86730761307189,16.12493117587235,0,1.3625,0,39,0.28204405015256023,0.7948717948717948,19.34991741104682
Pep's Barcelona 2012,Dani Alves,DEF,5,26,9,12,70.30369188998799,15.608348631497927,0,1.3333333333333333,0,35,0.3428473472186509,0.7428571428571429,18.730018357797512
Pep's Barcelona 2012,Dani Alves,DEF,6,24,3,9,53.561127151744756,13.948153640313684,0,1.3928571428571428,0,27,0.3333209881115514,0.8888888888888888,16.73778436837642
Pep's Barcelona 2012,Dani Alves,DEF,7,31,7,9,80.92024898576084,15.896315487343887,0,1.3717948717948718,0,38,0.23683587274019105,0.8157894736842105,19.075578584812664
Pep's Barcelona 2012,Dani Alves,DEF,8,22,8,7,70.73976700831678,16.2724438474101,0,1.3225806451612903,0,30,0.23332555581480616,0.7333333333333333,19.52693261689212
Pep's Barcelona 2012,Dani Alves,DEF,9,26,12,11,67.04797877281918,14.605123522754202,0,1.3076923076923077,0,38,0.2894660666824557,0.6842105263157895,17.52614822730504
Pep's Barcelona 2012,Dani Alves,DEF,10,27,3,9,47.93936919401899,13.56925644165531,0,1.403225806451613,0,30,0.29999000033332224,0.9,16.283107729986373
Pep's Barcelona 2012,Gerard Piqué,DEF,1,26,5,11,71.443105001082,14.001125344014458,0,1.375,0,31,0.35482726363665684,0.8387096774193549,16.80135041281735
Pep's Barcelona 2012,Gerard Piqué,DEF,2,25,10,8,73.20981934737901,16.0837481555492,0,1.3194444444444444,0,35,0.22856489814576728,0.7142857142857143,19.300497786659037
Pep's Barcelona 2012,Gerard Piqué,DEF,3,25,3,10,69.13147475952623,14.60478836961574,0,1.396551724137931,0,28,0.3571301024963394,0.8928571428571429,17.525746043538888
Pep's Barcelona 2012,Gerard Piqué,DEF,4,23,7,9,63.44819367747666,14.724665467764698,0,1.3387096774193548,0,30,0.29999000033332224,0.7666666666666667,17.66959856131764
Pep's Barcelona 2012,Gerard Piqué,DEF,5,21,6,9,79.78121226099483,15.655324424206624,0,1.3392857142857142,0,27,0.3333209881115514,0.7777777777777778,18.786389309047948
Pep's Barcelona 2012,Gerard Piqué,DEF,6,17,10,6,62.834893819006325,14.851170229217793,0,1.2678571428571428,0,27,0.2222139920743676,0.6296296296296297,17.82140427506135
Pep's Barcelona 2012,Gerard Piqué,DEF,7,27,8,12,64.00685662207968,14.91163405485367,0,1.3472222222222223,0,35,0.3428473472186509,0.7714285714285715,17.893960865824404
Pep's Barcelona 2012,Gerard Piqué,DEF,8,23,11,10,54.42296493097744,15.694035285555813,0,1.3,0,34,0.29410899679421193,0.6764705882352942,18.832842342666975
Pep's Barcelona 2012,Gerard Piqué,DEF,9,26,9,9,60.0268285364233,15.868000447021657,0,1.3333333333333333,0,35,0.2571355104139882,0.7428571428571429,19.04160053642599
Pep's Barcelona 2012,Gerard Piqué,DEF,10,26,3,11,67.86333329867009,15.424859996143228,0,1.4,0,29,0.3792972656115306,0.896551724137931,18.509831995371872
Pep's Barcelona 2012,Carles Puyol,DEF,1,34,3,15,65.52457386889444,15.761410451305636,0,1.4210526315789473,0,37,0.40539444879868114,0.918918918918919,18.913692541566764
Pep's Barcelona 2012,Carles Puyol,DEF,2,28,12,9,61.05217590804573,14.613194204410595,0,1.3170731707317074,0,40,0.2249943751406215,0.7,17.535833045292712
Pep's Barcelona 2012,Carles Puyol,DEF,3,28,9,10,76.57244547731025,15.8269639059781,0,1.3421052631578947,0,37,0.2702629658657874,0.7567567567567568,18.99235668717372
Pep's Barcelona 2012,Carles Puyol,DEF,4,24,5,10,53.12171586629038,15.189594277344483,0,1.3666666666666667,0,29,0.3448156960104824,0.8275862068965517,18.227513132813378
Pep's Barcelona 2012,Carles Puyol,DEF,5,22,5,10,71.7929381998235,13.560652560443392,0,1.3571428571428572,0,27,0.37035665345727936,0.8148148148148148,16.27278307253207
Pep's Barcelona 2012,Carles Puyol,DEF,6,21,6,7,85.25091083491952,16.087213056879268,0,1.3392857142857142,0,27,0.25924965742009554,0.7777777777777778,19.30465566825512
Pep's Barcelona 2012,Carles Puyol,DEF,7,17,11,6,59.85911195632102,16.32914643191286,0,1.2586206896551724,0,28,0.21427806149780365,0.6071428571428571,19.594975718295434
Pep's Barcelona 2012,Carles Puyol,DEF,8,29,9,12,54.75050468868318,14.256585484283756,0,1.3461538461538463,0,38,0.3157811636535881,0.7631578947368421,17.107902581140507
Pep's Barcelona 2012,Carles Puyol,DEF,9,29,6,12,69.00169605200497,13.685040888759287,0,1.375,0,35,0.3428473472186509,0.8285714285714286,16.422049066511143
Pep's Barcelona 2012,Carles Puyol,DEF,10,14,7,4,50.330940546480804,16.02999706467581,0,1.2727272727272727,0,21,0.19046712061330412,0.6666666666666666,19.23599647761097
Pep's Barcelona 2012,Javier Mascherano,DEF,1,25,8,10,65.84865458361104,15.300655833185909,0,1.338235294117647,0,33,0.3030211205721039,0.7575757575757576,18.36078699982309
Pep's Barcelona 2012,Javier Mascherano,DEF,2,28,8,9,66.30239083849538,15.671408329891571,0,1.3513513513513513,0,36,0.24999305574845146,0.7777777777777778,18.805689995869884
Pep's Barcelona 2012,Javier Mascherano,DEF,3,33,10,15,67.65163922746588,14.350193083711783,0,1.3522727272727273,0,43,0.3488290969977443,0.7674418604651163,17.22023170045414
Pep's Barcelona 2012,Javier Mascherano,DEF,4,21,11,7,81.17717075775785,14.120239937220719,0,1.2878787878787878,0,32,0.2187431642761164,0.65625,16.944287924664863
Pep's Barcelona 2012,Javier Mascherano,DEF,5,20,8,7,60.13323677118403,14.964180468808989,0,1.3103448275862069,0,28,0.2499910717474376,0.7142857142857143,17.957016562570786
Pep's Barcelona 2012,Javier Mascherano,DEF,6,29,12,12,49.35023628499903,16.204960160138118,0,1.3214285714285714,0,41,0.29267578839540503,0.7073170731707317,19.44595219216574
Pep's Barcelona 2012,Javier Mascherano,DEF,7,25,8,8,64.29776379425374,13.92464655296347,0,1.338235294117647,0,33,0.2424168964576831,0.7575757575757576,16.709575863556164
Pep's Barcelona 2012,Javier Mascherano,DEF,8,23,10,7,77.65155500436636,16.009781337392855,0,1.3088235294117647,0,33,0.21211478440047274,0.696969696969697,19.211737604871427
Pep's Barcelona 2012,Javier Mascherano,DEF,9,22,3,9,48.34874703695955,13.69688398600722,0,1.3846153846153846,0,25,0.35998560057597695,0.88,16.436260783208663
Pep's Barcelona 2012,Javier Mascherano,DEF,10,14,12,6,59.73103994662891,14.740491411190115,0,1.2222222222222223,0,26,0.23076035537094727,0.5384615384615384,17.68858969342814
Pep's Barcelona 2012,Eric Abidal,DEF,1,33,6,15,60.741820016334486,15.887919730656904,0,1.3875,0,39,0.38460552293530936,0.8461538461538461,19.065503676788286
Pep's Barcelona 2012,Eric Abidal,DEF,2,16,5,6,67.49556430307557,14.060238853791983,0,1.3181818181818181,0,21,0.28570068091995615,0.7619047619047619,16.87228662455038
Pep's Barcelona 2012,Eric Abidal,DEF,3,40,11,18,47.31843088246768,14.192899044648096,0,1.3653846153846154,0,51,0.3529342561910551,0.7843137254901961,17.031478853577713
Pep's Barcelona 2012,Eric Abidal,DEF,4,23,7,8,65.87781199849837,14.06151934478084,0,1.3387096774193548,0,30,0.2666577780740642,0.7666666666666667,16.87382321373701
Pep's Barcelona 2012,Eric Abidal,DEF,5,24,12,9,74.81149715570353,15.161321862883314,0,1.2972972972972974,0,36,0.24999305574845146,0.6666666666666666,18.193586235459975
Pep's Barcelona 2012,Eric Abidal,DEF,6,23,9,10,68.02676893422974,14.48552716301359,0,1.3181818181818181,0,32,0.3124902346801663,0.71875,17.382632595616307
Pep's Barcelona 2012,Eric Abidal,DEF,7,29,7,10,55.641687702094345,15.336940154540768,0,1.364864864864865,0,36,0.27777006194272386,0.8055555555555556,18.40432818544892
Pep's Barcelona 2012,Eric Abidal,DEF,8,19,13,8,60.43874306505397,15.522598124828582,0,1.2575757575757576,0,32,0.249992187744133,0.59375,18.627117749794298
Pep's Barcelona 2012,Eric Abidal,DEF,9,21,6,7,55.23379684136444,13.916327652337893,0,1.3392857142857142,0,27,0.25924965742009554,0.7777777777777778,16.699593182805472
Pep's Barcelona 2012,Eric Abidal,DEF,10,25,4,10,55.22217755320254,15.950235838418047,0,1.3833333333333333,0,29,0.3448156960104824,0.8620689655172413,19.140283006101654
Pep's Barcelona 2012,Xavi,MID,1,41,14,14,53.88487159366799,10.894568646179536,0,1.3482142857142858,1,55,0.25454082653042676,0.7454545454545455,13.073482375415443
Pep's Barcelona 2012,Xavi,MID,2,46,9,19,45.247938991712964,10.17533810294652,0,1.3928571428571428,1,55,0.3454482645770077,0.8363636363636363,12.210405723535825
Pep's Barcelona 2012,Xavi,MID,3,47,6,20,49.56125662323166,10.32868858292943,0,1.4166666666666667,1,53,0.37735137072885416,0.8867924528301887,12.394426299515317
Pep's Barcelona 2012,Xavi,MID,4,44,10,15,47.89958508488644,10.09696717149825,0,1.3818181818181818,1,54,0.2777726338401141,0.8148148148148148,12.1163606057979
Pep's Barcelona 2012,Xavi,MID,5,47,9,15,55.11175277483183,9.929741860308688,0,1.394736842105263,1,56,0.2678523597792897,0.8392857142857143,11.915690232370425
Pep's Barcelona 2012,Xavi,MID,6,40,13,15,61.764710238853496,9.712357068656843,0,1.3518518518518519,1,53,0.28301352804664065,0.7547169811320755,11.654828482388211
Pep's Barcelona 2012,Xavi,MID,7,45,13,18,54.27325288843058,9.885178046648917,0,1.3644067796610169,1,58,0.3103394769055706,0.7758620689655172,11.862213655978701
Pep's Barcelona 2012,Xavi,MID,8,46,9,18,57.57188568306928,9.62531262871044,0,1.3928571428571428,1,55,0.3272667769676915,0.8363636363636363,11.550375154452526
Pep's Barcelona 2012,Xavi,MID,9,46,11,17,49.185305065735434,9.766131352171557,0,1.3793103448275863,1,57,0.29824038174768863,0.8070175438596491,11.719357622605868
Pep's Barcelona 2012,Xavi,MID,10,43,10,20,59.530910786741494,10.892617798416776,0,1.3796296296296295,1,53,0.37735137072885416,0.8113207547169812,13.07114135810013
Pep's Barcelona 2012,Andrés Iniesta,MID,1,43,11,19,58.33532736364177,10.844185307144665,2,1.3727272727272728,1,54,0.3518453361974778,0.7962962962962963,13.013022368573598
Pep's Barcelona 2012,Andrés Iniesta,MID,2,37,13,16,62.46476311376914,10.458026842585939,3,1.3431372549019607,1,50,0.31999360012799744,0.74,12.549632211103127
Pep's Barcelona 2012,Andrés Iniesta,MID,3,46,11,17,58.682068722680064,9.455601511425712,4,1.3793103448275863,1,57,0.29824038174768863,0.8070175438596491,11.346721813710854
Pep's Barcelona 2012,Andrés Iniesta,MID,4,41,11,18,48.283866760258405,9.088790529938654,3,1.3679245283018868,1,52,0.34614718947712547,0.7884615384615384,10.906548635926384
Pep's Barcelona 2012,Andrés Iniesta,MID,5,44,11,15,60.83608866652187,10.090976296113926,4,1.375,1,55,0.2727223141397429,0.8,12.10917155533671
Pep's Barcelona 2012,Andrés Iniesta,MID,6,52,11,23,49.22146212541542,10.162212489395795,3,1.390625,1,63,0.3650735702607895,0.8253968253968254,12.194654987274953
Pep's Barcelona 2012,Andrés Iniesta,MID,7,32,12,10,51.345671899081395,9.831833065865434,0,1.3333333333333333,1,44,0.22726756210086135,0.7272727272727273,11.79819967903852
Pep's Barcelona 2012,Andrés Iniesta,MID,8,44,13,16,53.92928063955268,10.060176993828849,4,1.3620689655172413,1,57,0.2806968298801776,0.7719298245614035,12.072212392594619
Pep's Barcelona 2012,Andrés Iniesta,MID,9,42,15,14,48.06615894581157,10.860846986357558,5,1.3448275862068966,1,57,0.24560972614515536,0.7368421052631579,13.03301638362907
Pep's Barcelona 2012,Andrés Iniesta,MID,10,44,12,16,56.47832775741,9.968426131519582,2,1.368421052631579,1,56,0.28570918376457566,0.7857142857142857,11.962111357823497
Pep's Barcelona 2012,Sergio Busquets,MID,1,43,11,19,57.111623987249374,9.049941800868263,0,1.3727272727272728,0,54,0.3518453361974778,0.7962962962962963,10.859930161041914
Pep's Barcelona 2012,Sergio Busquets,MID,2,39,12,13,54.824109556147825,9.847386303999285,0,1.3557692307692308,0,51,0.2548969628046509,0.7647058823529411,11.81686356479914
Pep's Barcelona 2012,Sergio Busquets,MID,3,47,11,21,54.082298389917675,10.254276788122237,0,1.38135593220339,0,58,0.36206272305649906,0.8103448275862069,12.305132145746684
Pep's Barcelona 2012,Sergio Busquets,MID,4,44,15,14,49.0538800754381,9.26679847035498,0,1.35,0,59,0.2372841138285792,0.7457627118644068,11.120158164425975
Pep's Barcelona 2012,Sergio Busquets,MID,5,39,14,17,50.51707229676404,10.219737469971076,0,1.3425925925925926,0,53,0.32074866511952604,0.7358490566037735,12.263684963965291
Pep's Barcelona 2012,Sergio Busquets,MID,6,47,9,21,60.660990958603406,10.206835156944567,0,1.394736842105263,0,56,0.37499330369100553,0.8392857142857143,12.248202188333481
Pep's Barcelona 2012,Sergio Busquets,MID,7,50,5,20,53.32107030510125,9.686861176038986,0,1.4285714285714286,0,55,0.3636297521863239,0.9090909090909091,11.624233411246783
Pep's Barcelona 2012,Sergio Busquets,MID,8,39,16,15,52.292170616945576,10.88063230647853,0,1.3303571428571428,0,55,0.2727223141397429,0.7090909090909091,13.056758767774236
Pep's Barcelona 2012,Sergio Busquets,MID,9,41,7,18,65.17765728359797,9.106680326010366,0,1.3979591836734695,0,48,0.37499218766275705,0.8541666666666666,10.92801639121244
Pep's Barcelona 2012,Sergio Busquets,MID,10,54,7,25,51.63912404374977,9.61671014126462,0,1.4193548387096775,0,61,0.4098293470598843,0.8852459016393442,11.540052169517544
Pep's Barcelona 2012,Cesc Fàbregas,MID,1,46,14,17,61.0822369363854,10.766736596061826,0,1.360655737704918,0,60,0.2833286111898135,0.7666666666666667,12.92008391527419
Pep's Barcelona 2012,Cesc Fàbregas,MID,2,45,10,16,50.16359444852688,9.084089592151889,0,1.3839285714285714,0,55,0.2909038017490591,0.8181818181818182,10.900907510582266
Pep's Barcelona 2012,Cesc Fàbregas,MID,3,50,12,19,58.66589658711279,9.751297470986003,0,1.380952380952381,0,62,0.30644667021499655,0.8064516129032258,11.701556965183203
Pep's Barcelona 2012,Cesc Fàbregas,MID,4,51,13,23,51.283641163205516,10.371708984802986,0,1.376923076923077,0,64,0.3593693848533616,0.796875,12.446050781763583
Pep's Barcelona 2012,Cesc Fàbregas,MID,5,45,9,19,64.24054552052776,10.942803697217293,0,1.3909090909090909,0,54,0.3518453361974778,0.8333333333333334,13.131364436660752
Pep's Barcelona 2012,Cesc Fàbregas,MID,6,47,11,21,50.18119700812242,10.812508473475738,0,1.38135593220339,0,58,0.36206272305649906,0.8103448275862069,12.975010168170884
Pep's Barcelona 2012,Cesc Fàbregas,MID,7,57,12,24,54.5841411403269,9.901246850216339,0,1.3928571428571428,0,69,0.34782104607179604,0.8260869565217391,11.881496220259606
Pep's Barcelona 2012,Cesc Fàbregas,MID,8,51,12,24,41.40513380996552,10.096407545584302,0,1.3828125,0,63,0.38094633418517165,0.8095238095238095,12.115689054701162
Pep's Barcelona 2012,Cesc Fàbregas,MID,9,49,13,21,61.10275301965616,10.721860965157394,0,1.373015873015873,0,62,0.3387042144481541,0.7903225806451613,12.866233158188871
Pep's Barcelona 2012,Cesc Fàbregas,MID,10,55,11,25,55.57318937276346,9.828137238880885,0,1.3955223880597014,0,66,0.3787821396645505,0.8333333333333334,11.793764686657061
Pep's Barcelona 2012,Thiago Alcântara,MID,1,47,10,18,51.94499437955186,9.007858642844436,0,1.3879310344827587,0,57,0.31578393361519974,0.8245614035087719,10.809430371413322
Pep's Barcelona 2012,Thiago Alcântara,MID,2,48,9,21,54.946287266746026,9.552150272138821,0,1.396551724137931,0,57,0.368414589217733,0.8421052631578947,11.462580326566584
Pep's Barcelona 2012,Thiago Alcântara,MID,3,40,11,14,52.4200950532546,10.294319122253913,0,1.3653846153846154,0,51,0.2745044214819317,0.7843137254901961,12.353182946704695
Pep's Barcelona 2012,Thiago Alcântara,MID,4,47,12,21,57.83623424428761,9.217943258607832,0,1.375,0,59,0.35592617074286875,0.7966101694915254,11.061531910329398
Pep's Barcelona 2012,Thiago Alcântara,MID,5,47,11,20,61.98922153515749,9.828401108609286,0,1.38135593220339,0,58,0.34482164100618956,0.8103448275862069,11.794081330331144
Pep's Barcelona 2012,Thiago Alcântara,MID,6,50,11,23,64.97172474859924,9.672319329970199,0,1.3870967741935485,0,61,0.37704299929509355,0.819672131147541,11.606783195964239
Pep's Barcelona 2012,Thiago Alcântara,MID,7,48,10,21,49.506603132828076,9.430142942930106,0,1.3898305084745763,0,58,0.36206272305649906,0.8275862068965517,11.316171531516126
Pep's Barcelona 2012,Thiago Alcântara,MID,8,45,8,20,62.83776110052466,10.899910018664409,0,1.3981481481481481,0,53,0.37735137072885416,0.8490566037735849,13.07989202239729
Pep's Barcelona 2012,Thiago Alcântara,MID,9,42,15,18,49.8668725855791,9.066786409731716,0,1.3448275862068966,0,57,0.31578393361519974,0.7368421052631579,10.88014369167806
Pep's Barcelona 2012,Thiago Alcântara,MID,10,42,14,15,53.85784039466821,9.41302632985957,0,1.3508771929824561,0,56,0.2678523597792897,0.75,11.295631595831482
Pep's Barcelona 2012,Lionel Messi,FWD,1,26,8,8,47.90773600797404,10.919813965592109,0,1.3428571428571427,1,34,0.23528719743536958,0.7647058823529411,13.10377675871053
Pep's Barcelona 2012,Lionel Messi,FWD,2,31,4,11,81.1029298048287,11.71466238241988,5,1.4027777777777777,1,35,0.31427673495043,0.8857142857142857,14.057594858903855
Pep's Barcelona 2012,Lionel Messi,FWD,3,37,9,14,66.70565383207999,11.040406382969593,3,1.372340425531915,1,46,0.30434120997369624,0.8043478260869565,13.24848765956351
Pep's Barcelona 2012,Lionel Messi,FWD,4,29,3,9,47.95224255771956,10.977511649450296,2,1.4090909090909092,1,32,0.2812412112121496,0.90625,13.173013979340356
Pep's Barcelona 2012,Lionel Messi,FWD,5,32,5,15,50.48773701098842,12.178248912617011,5,1.394736842105263,1,37,0.40539444879868114,0.8648648648648649,14.613898695140414
Pep's Barcelona 2012,Lionel Messi,FWD,6,25,6,8,74.01269769561614,11.359133308987294,1,1.359375,1,31,0.25805619173575045,0.8064516129032258,13.630959970784753
Pep's Barcelona 2012,Lionel Messi,FWD,7,26,3,10,50.05736470933761,11.368315283030686,0,1.4,1,29,0.3448156960104824,0.896551724137931,13.641978339636823
Pep's Barcelona 2012,Lionel Messi,FWD,8,30,3,14,65.19545844798182,12.55023937400792,1,1.411764705882353,1,33,0.4242295688009455,0.9090909090909091,15.060287248809502
Pep's Barcelona 2012,Lionel Messi,FWD,9,35,3,12,79.685022718854,11.914239408686257,2,1.4230769230769231,1,38,0.3157811636535881,0.9210526315789473,14.297087290423507
Pep's Barcelona 2012,Lionel Messi,FWD,10,31,3,11,64.88820884522119,12.326496852316525,0,1.4142857142857144,1,34,0.32351989647363316,0.9117647058823529,14.79179622277983
Pep's Barcelona 2012,David Villa,FWD,1,36,3,16,68.52970749722867,11.766608684993862,1,1.425,0,39,0.4102458911309967,0.9230769230769231,14.119930421992635
Pep's Barcelona 2012,David Villa,FWD,2,26,5,9,60.24607757785458,12.875181873335741,1,1.375,0,31,0.29031321570271923,0.8387096774193549,15.450218248002889
Pep's Barcelona 2012,David Villa,FWD,3,43,4,17,52.182043796485914,12.504348090231609,2,1.4270833333333333,0,47,0.361694432033361,0.9148936170212766,15.00521770827793
Pep's Barcelona 2012,David Villa,FWD,4,28,3,11,55.02566261248252,12.513730393573098,3,1.40625,0,31,0.35482726363665684,0.9032258064516129,15.016476472287717
Pep's Barcelona 2012,David Villa,FWD,5,24,3,9,60.754018339778575,10.902679843793443,0,1.3928571428571428,0,27,0.3333209881115514,0.8888888888888888,13.083215812552131
Pep's Barcelona 2012,David Villa,FWD,6,31,3,12,61.92951659074899,11.758318214461887,2,1.4142857142857144,0,34,0.35293079615305434,0.9117647058823529,14.109981857354265
Pep's Barcelona 2012,David Villa,FWD,7,36,5,16,65.2012112958086,12.156693503889556,1,1.4047619047619047,0,41,0.39023438452720666,0.8780487804878049,14.588032204667467
Pep's Barcelona 2012,David Villa,FWD,8,34,3,14,49.411972305820825,10.824561255381017,1,1.4210526315789473,0,37,0.3783681522121024,0.918918918918919,12.98947350645722
Pep's Barcelona 2012,David Villa,FWD,9,28,3,9,66.29998225801596,12.147878783499493,2,1.40625,0,31,0.29031321570271923,0.9032258064516129,14.57745454019939
Pep's Barcelona 2012,David Villa,FWD,10,24,7,10,74.3736741425368,12.339768709356239,3,1.34375,0,31,0.32257023966968806,0.7741935483870968,14.807722451227486
Pep's Barcelona 2012,Pedro,FWD,1,35,4,12,53.95641620960385,11.672706597050777,1,1.4125,0,39,0.3076844183482475,0.8974358974358975,14.007247916460932
Pep's Barcelona 2012,Pedro,FWD,2,29,3,10,60.93889642976597,12.615894691415868,2,1.4090909090909092,0,32,0.3124902346801663,0.90625,15.139073629699041
Pep's Barcelona 2012,Pedro,FWD,3,32,4,13,79.10692320420895,13.04629236894865,2,1.4054054054054055,0,36,0.36110108052554096,0.8888888888888888,15.65555084273838
Pep's Barcelona 2012,Pedro,FWD,4,28,9,12,62.87755690160069,12.212853538406439,2,1.3421052631578947,0,37,0.32431555903894493,0.7567567567567568,14.655424246087726
Pep's Barcelona 2012,Pedro,FWD,5,29,5,10,65.31063426398931,12.967202604363592,3,1.3857142857142857,0,34,0.29410899679421193,0.8529411764705882,15.56064312523631
Pep's Barcelona 2012,Pedro,FWD,6,29,3,13,74.66171305947654,12.152329137150845,3,1.4090909090909092,0,32,0.4062373050842161,0.90625,14.582794964581014
Pep's Barcelona 2012,Pedro,FWD,7,30,3,11,71.60343054562682,12.741847720375311,1,1.411764705882353,0,33,0.3333232326293143,0.9090909090909091,15.290217264450373
Pep's Barcelona 2012,Pedro,FWD,8,33,5,13,63.30180027822801,12.298619825242541,2,1.3974358974358974,0,38,0.3420962606247204,0.868421052631579,14.758343790291049
Pep's Barcelona 2012,Pedro,FWD,9,28,9,11,64.69343894647562,10.800378586987335,1,1.3421052631578947,0,37,0.2972892624523662,0.7567567567567568,12.960454304384802
Pep's Barcelona 2012,Pedro,FWD,10,35,3,12,68.31038902817214,12.41921758085559,2,1.4230769230769231,0,38,0.3157811636535881,0.9210526315789473,14.903061097026706
Pep's Barcelona 2012,Alexis Sánchez,FWD,1,19,4,6,57.76831561170607,13.139694080234984,0,1.3541666666666667,0,23,0.2608582235554976,0.8260869565217391,15.76763289628198
Pep's Barcelona 2012,Alexis Sánchez,FWD,2,31,3,13,82.46490631594622,10.826467402245362,3,1.4142857142857144,0,34,0.3823416958324755,0.9117647058823529,12.991760882694434
Pep's Barcelona 2012,Alexis Sánchez,FWD,3,30,7,10,68.37825915931988,13.15060923282624,1,1.368421052631579,0,37,0.2702629658657874,0.8108108108108109,15.780731079391487
Pep's Barcelona 2012,Alexis Sánchez,FWD,4,31,7,9,61.066488751771274,11.918091140871285,0,1.3717948717948718,0,38,0.23683587274019105,0.8157894736842105,14.301709369045541
Pep's Barcelona 2012,Alexis Sánchez,FWD,5,33,3,13,53.02042037659338,11.9624229654531,2,1.4189189189189189,0,36,0.36110108052554096,0.9166666666666666,14.35490755854372
Pep's Barcelona 2012,Alexis Sánchez,FWD,6,27,6,12,60.95361479959054,12.117973657896574,2,1.3676470588235294,0,33,0.3636253446865247,0.8181818181818182,14.541568389475888
Pep's Barcelona 2012,Alexis Sánchez,FWD,7,34,6,15,67.92168828207326,11.270917562808709,4,1.3902439024390243,0,40,0.37499062523436916,0.85,13.52510107537045
Pep's Barcelona 2012,Alexis Sánchez,FWD,8,30,3,13,85.26817116042392,11.418576147147645,0,1.411764705882353,0,33,0.3939274567437351,0.9090909090909091,13.702291376577174
Pep's Barcelona 2012,Alexis Sánchez,FWD,9,28,5,10,80.42547211374117,12.865450776839303,0,1.3823529411764706,0,33,0.3030211205721039,0.8484848484848485,15.438540932207163
Pep's Barcelona 2012,Alexis Sánchez,FWD,10,22,7,8,63.95990772275305,10.808988227307085,1,1.3333333333333333,0,29,0.2758525568083859,0.7586206896551724,12.9707858727685
Pep's Man City 2023,Ederson,GK,1,7,18,2,49.14437954134051,20.570986886410907,0,1.0961538461538463,0,25,0.07999680012799487,0.28,24.68518426369309
Pep's Man City 2023,Ederson,GK,2,15,16,6,72.40125664105244,21.194559269996578,0,1.203125,0,31,0.19354214380181284,0.4838709677419355,25.433471123995893
Pep's Man City 2023,Ederson,GK,3,8,18,2,66.61115958856178,23.883063871863,0,1.1111111111111112,0,26,0.07692011845698242,0.3076923076923077,28.6596766462356
Pep's Man City 2023,Ederson,GK,4,19,21,6,62.985800999230264,24.108692426288737,0,1.2073170731707317,0,40,0.14999625009374767,0.475,28.930430911546484
Pep's Man City 2023,Ederson,GK,5,11,18,4,60.94698939196657,22.54687776344639,0,1.15,0,29,0.13792627840419294,0.3793103448275862,27.056253316135667
Pep's Man City 2023,Ederson,GK,6,14,22,5,46.40336959450202,24.086667112295643,0,1.162162162162162,0,36,0.13888503097136193,0.3888888888888889,28.904000534754772
Pep's Man City 2023,Ederson,GK,7,8,17,3,48.28812667103367,21.160783066685635,0,1.1153846153846154,0,25,0.11999520019199232,0.32,25.39293968002276
Pep's Man City 2023,Ederson,GK,8,22,11,8,65.31621973910248,22.193132264567623,0,1.2941176470588236,0,33,0.2424168964576831,0.6666666666666666,26.631758717481148
Pep's Man City 2023,Ederson,GK,9,12,21,3,66.87709448127924,20.71010056783167,0,1.1470588235294117,0,33,0.09090633617163117,0.36363636363636365,24.852120681398002
Pep's Man City 2023,Ederson,GK,10,17,13,7,77.95207072669643,21.794518850044792,0,1.2419354838709677,0,30,0.23332555581480616,0.5666666666666667,26.15342262005375
Pep's Man City 2023,Kyle Walker,DEF,1,19,15,6,60.01401964325826,15.455410588340357,0,1.2428571428571429,0,34,0.17646539807652717,0.5588235294117647,18.546492706008426
Pep's Man City 2023,Kyle Walker,DEF,2,18,18,7,72.271679888921,16.03159698018049,0,1.2162162162162162,0,36,0.1944390433599067,0.5,19.237916376216585
Pep's Man City 2023,Kyle Walker,DEF,3,20,18,6,70.94698529980812,16.937579684456036,0,1.2307692307692308,0,38,0.15789058182679405,0.5263157894736842,20.32509562134724
Pep's Man City 2023,Kyle Walker,DEF,4,22,20,9,74.90710846624086,15.770696942191874,0,1.2325581395348837,0,42,0.21428061236637225,0.5238095238095238,18.92483633063025
Pep's Man City 2023,Kyle Walker,DEF,5,19,17,6,53.90731413532833,17.465021836202432,0,1.2297297297297298,0,36,0.1666620371656343,0.5277777777777778,20.958026203442916
Pep's Man City 2023,Kyle Walker,DEF,6,20,17,6,62.50344461781081,16.153186594039106,0,1.236842105263158,0,37,0.16215777951947247,0.5405405405405406,19.383823912846925
Pep's Man City 2023,Kyle Walker,DEF,7,31,18,9,73.69127537218193,16.2117951498156,0,1.29,0,49,0.18366972102610152,0.6326530612244898,19.45415417977872
Pep's Man City 2023,Kyle Walker,DEF,8,14,17,4,86.71802667396602,15.182423991502162,0,1.1875,0,31,0.12902809586787523,0.45161290322580644,18.218908789802594
Pep's Man City 2023,Kyle Walker,DEF,9,16,16,5,68.72166762366109,16.510077055697188,0,1.2121212121212122,0,32,0.15624511734008315,0.5,19.812092466836624
Pep's Man City 2023,Kyle Walker,DEF,10,24,10,10,59.030279720988844,16.951166640072962,0,1.3142857142857143,0,34,0.29410899679421193,0.7058823529411765,20.341399968087554
Pep's Man City 2023,Rúben Dias,DEF,1,26,13,10,58.76048583758732,14.995051025251286,0,1.3,0,39,0.2564036819568729,0.6666666666666666,17.994061230301543
Pep's Man City 2023,Rúben Dias,DEF,2,13,15,4,59.261800860898816,17.02418997038801,0,1.1896551724137931,0,28,0.14285204099853577,0.4642857142857143,20.429027964465615
Pep's Man City 2023,Rúben Dias,DEF,3,29,14,11,57.836520608640996,15.852330418192167,0,1.3068181818181819,0,43,0.25580800446501245,0.6744186046511628,19.0227965018306
Pep's Man City 2023,Rúben Dias,DEF,4,28,16,9,65.7228834712487,17.354060440693946,0,1.288888888888889,0,44,0.20454080589077522,0.6363636363636364,20.824872528832735
Pep's Man City 2023,Rúben Dias,DEF,5,19,21,7,55.60415511405252,14.76337454029918,0,1.2073170731707317,0,40,0.17499562510937228,0.475,17.716049448359016
Pep's Man City 2023,Rúben Dias,DEF,6,17,14,6,56.96565725828743,16.345507736314122,0,1.234375,0,31,0.19354214380181284,0.5483870967741935,19.614609283576947
Pep's Man City 2023,Rúben Dias,DEF,7,24,15,9,63.947293844206996,16.475192312151055,0,1.275,0,39,0.2307633137611856,0.6153846153846154,19.770230774581265
Pep's Man City 2023,Rúben Dias,DEF,8,15,13,5,59.38910869019003,15.959809516031324,0,1.2241379310344827,0,28,0.1785650512481697,0.5357142857142857,19.151771419237587
Pep's Man City 2023,Rúben Dias,DEF,9,24,12,9,63.161694196798784,14.892717923730189,0,1.2972972972972974,0,36,0.24999305574845146,0.6666666666666666,17.871261508476227
Pep's Man City 2023,Rúben Dias,DEF,10,18,19,6,50.90784201975487,15.139762826039663,0,1.2105263157894737,0,37,0.16215777951947247,0.4864864864864865,18.167715391247594
Pep's Man City 2023,John Stones,DEF,1,27,10,11,68.34929025895488,15.559337594612757,0,1.3289473684210527,0,37,0.2972892624523662,0.7297297297297297,18.671205113535308
Pep's Man City 2023,John Stones,DEF,2,29,17,8,61.882144267439756,17.561544462144838,0,1.2872340425531914,0,46,0.17390926284211214,0.6304347826086957,21.073853354573803
Pep's Man City 2023,John Stones,DEF,3,28,18,8,61.45051733259342,14.738492502061014,0,1.2765957446808511,0,46,0.17390926284211214,0.6086956521739131,17.686191002473215
Pep's Man City 2023,John Stones,DEF,4,34,16,12,61.75823138959359,15.722933040556509,0,1.3137254901960784,0,50,0.2399952000959981,0.68,18.86751964866781
Pep's Man City 2023,John Stones,DEF,5,22,13,8,67.1762810012285,15.788110087063593,0,1.2777777777777777,0,35,0.22856489814576728,0.6285714285714286,18.94573210447631
Pep's Man City 2023,John Stones,DEF,6,34,10,14,69.99110506798941,16.284142493376734,0,1.3555555555555556,0,44,0.3181745869412059,0.7727272727272727,19.54097099205208
Pep's Man City 2023,John Stones,DEF,7,19,9,7,59.97804208276171,16.574425672756977,0,1.293103448275862,0,28,0.2499910717474376,0.6785714285714286,19.889310807308373
Pep's Man City 2023,John Stones,DEF,8,17,18,5,58.521277103534786,16.84059574545475,0,1.2083333333333333,0,35,0.14285306134110454,0.4857142857142857,20.208714894545697
Pep's Man City 2023,John Stones,DEF,9,22,17,7,70.87778227889649,16.028806987317562,0,1.25,0,39,0.17948257736981105,0.5641025641025641,19.234568384781074
Pep's Man City 2023,John Stones,DEF,10,15,12,5,85.40133885996919,16.58393301195796,0,1.2321428571428572,0,27,0.18517832672863968,0.5555555555555556,19.90071961434955
Pep's Man City 2023,Nathan Aké,DEF,1,20,12,6,79.96756785990475,15.953586851730794,0,1.2727272727272727,0,32,0.18749414080809976,0.625,19.14430422207695
Pep's Man City 2023,Nathan Aké,DEF,2,21,13,7,62.59275696010949,15.268059476746167,0,1.2714285714285714,0,34,0.20587629775594837,0.6176470588235294,18.3216713720954
Pep's Man City 2023,Nathan Aké,DEF,3,23,15,7,63.62258900942422,17.499564209106975,0,1.2692307692307692,0,38,0.18420567879792638,0.6052631578947368,20.99947705092837
Pep's Man City 2023,Nathan Aké,DEF,4,14,15,4,67.14982817454548,17.574523116091505,0,1.2,0,29,0.13792627840419294,0.4827586206896552,21.089427739309805
Pep's Man City 2023,Nathan Aké,DEF,5,27,17,10,79.21695883284849,16.306584103647904,0,1.2777777777777777,0,44,0.22726756210086135,0.6136363636363636,19.567900924377483
Pep's Man City 2023,Nathan Aké,DEF,6,22,16,8,46.58080921068457,17.03504977202983,0,1.2564102564102564,0,38,0.21052077576905873,0.5789473684210527,20.442059726435794
Pep's Man City 2023,Nathan Aké,DEF,7,21,15,8,66.87184027488584,15.588534118378343,0,1.2567567567567568,0,36,0.22221604955417906,0.5833333333333334,18.70624094205401
Pep's Man City 2023,Nathan Aké,DEF,8,20,14,7,61.17416157277567,14.781600536580694,0,1.2571428571428571,0,34,0.20587629775594837,0.5882352941176471,17.73792064389683
Pep's Man City 2023,Nathan Aké,DEF,9,22,16,7,79.53668174073951,16.324707522819864,0,1.2564102564102564,0,38,0.18420567879792638,0.5789473684210527,19.589649027383835
Pep's Man City 2023,Nathan Aké,DEF,10,18,11,6,80.89441283561699,17.56757594892126,0,1.2666666666666666,0,29,0.20688941760628943,0.6206896551724138,21.08109113870551
Pep's Man City 2023,Manuel Akanji,DEF,1,20,10,6,72.59936981959828,15.335825475191667,0,1.2903225806451613,0,30,0.19999333355554813,0.6666666666666666,18.40299057023
Pep's Man City 2023,Manuel Akanji,DEF,2,25,9,10,49.76402189331833,15.903366642232577,0,1.3285714285714285,0,34,0.29410899679421193,0.7352941176470589,19.08403997067909
Pep's Man City 2023,Manuel Akanji,DEF,3,24,14,8,56.686938683597155,15.625332503455278,0,1.2820512820512822,0,38,0.21052077576905873,0.631578947368421,18.75039900414633
Pep's Man City 2023,Manuel Akanji,DEF,4,23,15,7,71.14961232046775,16.4021349780211,0,1.2692307692307692,0,38,0.18420567879792638,0.6052631578947368,19.68256197362532
Pep's Man City 2023,Manuel Akanji,DEF,5,20,16,7,72.74656635890075,16.574960419650033,0,1.2432432432432432,0,36,0.1944390433599067,0.5555555555555556,19.889952503580037
Pep's Man City 2023,Manuel Akanji,DEF,6,29,10,11,54.248969518832446,15.089738512334545,0,1.3375,0,39,0.28204405015256023,0.7435897435897436,18.107686214801454
Pep's Man City 2023,Manuel Akanji,DEF,7,15,14,4,64.34861664271112,17.501918766143444,0,1.2166666666666666,0,29,0.13792627840419294,0.5172413793103449,21.002302519372133
Pep's Man City 2023,Manuel Akanji,DEF,8,24,15,7,54.341972886512416,16.928237206282482,0,1.275,0,39,0.17948257736981105,0.6153846153846154,20.313884647538977
Pep's Man City 2023,Manuel Akanji,DEF,9,20,15,8,69.54502572085629,17.554027584280654,0,1.25,0,35,0.22856489814576728,0.5714285714285714,21.064833101136784
Pep's Man City 2023,Manuel Akanji,DEF,10,15,12,4,62.004505888008076,16.001583664245164,0,1.2321428571428572,0,27,0.14814266138291174,0.5555555555555556,19.201900397094196
Pep's Man City 2023,Rodri,MID,1,35,21,13,49.22552981917064,11.35621900634744,0,1.2894736842105263,1,56,0.2321387118087177,0.625,13.627462807616928
Pep's Man City 2023,Rodri,MID,2,31,24,9,54.282092056439325,11.637886193487486,0,1.2589285714285714,1,55,0.16363338848384576,0.5636363636363636,13.965463432184983
Pep's Man City 2023,Rodri,MID,3,42,21,13,57.14163707084712,10.365460174276466,0,1.3125,1,63,0.206345931016968,0.6666666666666666,12.438552209131759
Pep's Man City 2023,Rodri,MID,4,28,21,8,58.254828393897206,10.920425409996591,0,1.26,1,49,0.16326197424542357,0.5714285714285714,13.104510491995908
Pep's Man City 2023,Rodri,MID,5,34,23,13,55.65371672956065,10.235836556001336,0,1.2758620689655173,1,57,0.22806617427764425,0.5964912280701754,12.283003867201604
Pep's Man City 2023,Rodri,MID,6,35,18,11,60.23356356887882,11.749955748765268,0,1.3055555555555556,1,53,0.2075432539008698,0.660377358490566,14.099946898518322
Pep's Man City 2023,Rodri,MID,7,37,18,12,57.40162187437524,11.55204246573679,0,1.3125,1,55,0.21817785131179435,0.6727272727272727,13.862450958884148
Pep's Man City 2023,Rodri,MID,8,36,20,13,53.49133473020682,11.881909367683475,0,1.2982456140350878,1,56,0.2321387118087177,0.6428571428571429,14.258291241220169
Pep's Man City 2023,Rodri,MID,9,41,14,15,39.91176553626306,10.352384846171018,0,1.3482142857142858,1,55,0.2727223141397429,0.7454545454545455,12.422861815405222
Pep's Man City 2023,Rodri,MID,10,34,19,14,62.93700301207768,10.473778539824108,0,1.2962962962962963,1,53,0.2641459595101979,0.6415094339622641,12.56853424778893
Pep's Man City 2023,Kevin De Bruyne,MID,1,39,20,15,55.65894579105668,11.078156941930319,2,1.3083333333333333,1,59,0.2542329791020491,0.6610169491525424,13.293788330316382
Pep's Man City 2023,Kevin De Bruyne,MID,2,38,22,14,50.81033208815142,12.097136660050833,1,1.2950819672131149,1,60,0.2333294445092582,0.6333333333333333,14.516563992060998
Pep's Man City 2023,Kevin De Bruyne,MID,3,36,21,15,55.90152525668751,10.230986811701076,3,1.293103448275862,1,57,0.26315327801266647,0.631578947368421,12.27718417404129
Pep's Man City 2023,Kevin De Bruyne,MID,4,33,25,13,53.12390384933051,11.32101635809213,2,1.2627118644067796,1,58,0.22413406665402322,0.5689655172413793,13.585219629710556
Pep's Man City 2023,Kevin De Bruyne,MID,5,38,22,12,54.88795275800899,10.437794862564656,1,1.2950819672131149,1,60,0.1999966667222213,0.6333333333333333,12.525353835077587
Pep's Man City 2023,Kevin De Bruyne,MID,6,41,21,17,60.60342853211298,9.913392568146298,1,1.3095238095238095,1,62,0.27418912598183903,0.6612903225806451,11.896071081775558
Pep's Man City 2023,Kevin De Bruyne,MID,7,38,20,15,58.65124876866475,11.69709305719025,1,1.305084745762712,1,58,0.2586162307546422,0.6551724137931034,14.036511668628298
Pep's Man City 2023,Kevin De Bruyne,MID,8,36,17,11,52.7038980100538,10.278880308855472,2,1.3148148148148149,1,53,0.2075432539008698,0.6792452830188679,12.334656370626567
Pep's Man City 2023,Kevin De Bruyne,MID,9,34,22,11,52.72328788427344,10.543133284823442,3,1.280701754385965,1,56,0.19642506383814576,0.6071428571428571,12.65175994178813
Pep's Man City 2023,Kevin De Bruyne,MID,10,36,23,12,49.289426315406935,10.498585146671552,1,1.2833333333333334,1,59,0.2033863832816393,0.6101694915254238,12.59830217600586
Pep's Man City 2023,İlkay Gündoğan,MID,1,35,21,10,50.85909718063246,10.765558076761092,0,1.2894736842105263,0,56,0.17856823985285977,0.625,12.91866969211331
Pep's Man City 2023,İlkay Gündoğan,MID,2,41,21,13,57.846870784118565,10.639010459234717,0,1.3095238095238095,0,62,0.20967403751552396,0.6612903225806451,12.76681255108166
Pep's Man City 2023,İlkay Gündoğan,MID,3,45,20,18,57.65400791836365,10.726670565168718,0,1.3257575757575757,0,65,0.27691881663359025,0.6923076923076923,12.87200467820246
Pep's Man City 2023,İlkay Gündoğan,MID,4,32,18,14,59.11021001964471,10.246915078560924,0,1.2941176470588236,0,50,0.2799944001119978,0.64,12.296298094273109
Pep's Man City 2023,İlkay Gündoğan,MID,5,45,20,16,56.59404169814128,10.835677930662538,0,1.3257575757575757,0,65,0.24615005922985797,0.6923076923076923,13.002813516795046
Pep's Man City 2023,İlkay Gündoğan,MID,6,37,18,15,55.67842726728458,11.325969707754995,0,1.3125,0,55,0.2727223141397429,0.6727272727272727,13.591163649305994
Pep's Man City 2023,İlkay Gündoğan,MID,7,36,19,13,49.003978374521786,10.32215260937981,0,1.3035714285714286,0,55,0.23635933892111052,0.6545454545454545,12.38658313125577
Pep's Man City 2023,İlkay Gündoğan,MID,8,40,18,13,55.781331208097484,10.228750184712442,0,1.3220338983050848,0,58,0.22413406665402322,0.6896551724137931,12.27450022165493
Pep's Man City 2023,İlkay Gündoğan,MID,9,47,22,18,53.18412220633592,10.073104045272176,0,1.3214285714285714,0,69,0.260865784553847,0.6811594202898551,12.087724854326611
Pep's Man City 2023,İlkay Gündoğan,MID,10,36,21,11,54.48040244260581,10.46483152295141,0,1.293103448275862,0,57,0.19297907054262206,0.631578947368421,12.557797827541693
Pep's Man City 2023,Bernardo Silva,MID,1,39,17,15,59.67327353668312,10.970136837057359,0,1.3245614035087718,0,56,0.2678523597792897,0.6964285714285714,13.16416420446883
Pep's Man City 2023,Bernardo Silva,MID,2,39,18,15,51.4282410835794,11.248868342231432,0,1.3189655172413792,0,57,0.26315327801266647,0.6842105263157895,13.498642010677719
Pep's Man City 2023,Bernardo Silva,MID,3,47,20,18,56.0916937522108,11.612922989141225,0,1.3308823529411764,0,67,0.26865270667601976,0.7014925373134329,13.93550758696947
Pep's Man City 2023,Bernardo Silva,MID,4,42,22,17,49.32290772398567,10.748611121379634,0,1.3076923076923077,0,64,0.26562084967422384,0.65625,12.89833334565556
Pep's Man City 2023,Bernardo Silva,MID,5,41,22,12,49.851945144553,12.0281021789073,0,1.3046875,0,63,0.19047316709258583,0.6507936507936508,14.43372261468876
Pep's Man City 2023,Bernardo Silva,MID,6,39,19,12,55.23517182004252,11.207842480807761,0,1.3135593220338984,0,58,0.20689298460371375,0.6724137931034483,13.449410976969313
Pep's Man City 2023,Bernardo Silva,MID,7,36,19,13,50.82813193852439,11.664224862963163,0,1.3035714285714286,0,55,0.23635933892111052,0.6545454545454545,13.997069835555795
Pep's Man City 2023,Bernardo Silva,MID,8,36,20,14,56.326594352241095,10.376279247985458,0,1.2982456140350878,0,56,0.2499955357940037,0.6428571428571429,12.45153509758255
Pep's Man City 2023,Bernardo Silva,MID,9,33,17,13,55.299548870397516,11.839226882735025,0,1.303921568627451,0,50,0.25999480010399795,0.66,14.207072259282029
Pep's Man City 2023,Bernardo Silva,MID,10,38,16,13,62.88685435044018,10.065707150768292,0,1.3272727272727274,0,54,0.2407362826614322,0.7037037037037037,12.07884858092195
Pep's Man City 2023,Jack Grealish,MID,1,46,13,17,54.03509316119655,10.935672487668946,0,1.3666666666666667,0,59,0.288130709648989,0.7796610169491526,13.122806985202734
Pep's Man City 2023,Jack Grealish,MID,2,29,23,10,52.95563315797955,11.228017953913174,0,1.2547169811320755,0,52,0.19230399415395857,0.5576923076923077,13.473621544695808
Pep's Man City 2023,Jack Grealish,MID,3,36,21,10,50.55077614529429,11.900592718794929,0,1.293103448275862,0,57,0.17543551867511098,0.631578947368421,14.280711262553915
Pep's Man City 2023,Jack Grealish,MID,4,33,18,10,56.15681162170645,10.242487476192347,0,1.2980769230769231,0,51,0.1960745867728084,0.6470588235294118,12.290984971430815
Pep's Man City 2023,Jack Grealish,MID,5,44,22,18,49.646667969049105,10.689275448425503,0,1.3134328358208955,0,66,0.27272314055847635,0.6666666666666666,12.827130538110604
Pep's Man City 2023,Jack Grealish,MID,6,34,20,13,59.06893089367142,10.97826231947892,0,1.290909090909091,0,54,0.2407362826614322,0.6296296296296297,13.173914783374704
Pep's Man City 2023,Jack Grealish,MID,7,46,20,14,59.22636648521048,10.806174452396645,0,1.328358208955224,0,66,0.21211799821214827,0.696969696969697,12.967409342875973
Pep's Man City 2023,Jack Grealish,MID,8,41,18,16,62.43689903508226,11.580793508502994,0,1.325,0,59,0.27118184437551907,0.6949152542372882,13.896952210203592
Pep's Man City 2023,Jack Grealish,MID,9,32,19,10,57.629686401273254,10.76813089365473,0,1.2884615384615385,0,51,0.1960745867728084,0.6274509803921569,12.921757072385676
Pep's Man City 2023,Jack Grealish,MID,10,39,18,14,50.76772754365676,10.539430724603811,0,1.3189655172413792,0,57,0.24560972614515536,0.6842105263157895,12.647316869524573
Pep's Man City 2023,Erling Haaland,FWD,1,28,9,8,79.33625019820946,13.439140274608407,1,1.3421052631578947,1,37,0.21621037269262994,0.7567567567567568,16.126968329530087
Pep's Man City 2023,Erling Haaland,FWD,2,25,9,8,84.92365663845945,11.967849905549736,2,1.3285714285714285,1,34,0.23528719743536958,0.7352941176470589,14.361419886659682
Pep's Man City 2023,Erling Haaland,FWD,3,22,12,7,56.75940881311962,13.594937668241139,2,1.2857142857142858,1,34,0.20587629775594837,0.6470588235294118,16.313925201889365
Pep's Man City 2023,Erling Haaland,FWD,4,30,10,9,79.58657522937662,13.475168004307154,3,1.3414634146341464,1,40,0.2249943751406215,0.75,16.170201605168582
Pep's Man City 2023,Erling Haaland,FWD,5,34,7,13,78.61006704769774,13.873467688370079,2,1.380952380952381,1,41,0.3170654374283554,0.8292682926829268,16.648161226044095
Pep's Man City 2023,Erling Haaland,FWD,6,25,6,10,64.16866474278505,13.980270905280257,1,1.359375,1,31,0.32257023966968806,0.8064516129032258,16.776325086336307
Pep's Man City 2023,Erling Haaland,FWD,7,27,10,9,55.74969352761384,13.420915442222341,0,1.3289473684210527,1,37,0.24323666927920867,0.7297297297297297,16.105098530666808
Pep's Man City 2023,Erling Haaland,FWD,8,22,8,6,66.37743894003137,13.633795103171217,0,1.3225806451612903,1,30,0.19999333355554813,0.7333333333333333,16.36055412380546
Pep's Man City 2023,Erling Haaland,FWD,9,23,12,8,67.75663197634258,12.266277699302696,4,1.2916666666666667,1,35,0.22856489814576728,0.6571428571428571,14.719533239163235
Pep's Man City 2023,Erling Haaland,FWD,10,27,15,8,50.26980169484736,12.305930256164002,1,1.2906976744186047,1,42,0.19047165543677533,0.6428571428571429,14.767116307396801
Pep's Man City 2023,Phil Foden,FWD,1,28,12,11,73.85577081695045,14.02624718410985,1,1.3170731707317074,0,40,0.27499312517187074,0.7,16.83149662093182
Pep's Man City 2023,Phil Foden,FWD,2,33,10,13,62.87468974156309,11.773540813556547,1,1.3522727272727273,0,43,0.30231855073137837,0.7674418604651163,14.128248976267857
Pep's Man City 2023,Phil Foden,FWD,3,23,11,6,74.8786158240651,12.546015101259224,2,1.3,0,34,0.17646539807652717,0.6764705882352942,15.055218121511068
Pep's Man City 2023,Phil Foden,FWD,4,27,13,9,54.60206775471765,14.131650817425266,3,1.3048780487804879,0,40,0.2249943751406215,0.675,16.957980980910317
Pep's Man City 2023,Phil Foden,FWD,5,20,7,7,53.27182212733439,12.790413578717814,1,1.3214285714285714,0,27,0.25924965742009554,0.7407407407407407,15.348496294461377
Pep's Man City 2023,Phil Foden,FWD,6,27,11,10,80.99123240836734,12.350969931838144,1,1.3205128205128205,0,38,0.2631509697113234,0.7105263157894737,14.821163918205771
Pep's Man City 2023,Phil Foden,FWD,7,32,12,9,64.68864461684724,12.153327439892267,1,1.3333333333333333,0,44,0.20454080589077522,0.7272727272727273,14.583992927870721
Pep's Man City 2023,Phil Foden,FWD,8,26,13,10,63.925551182057504,13.15268086135264,2,1.3,0,39,0.2564036819568729,0.6666666666666666,15.783217033623167
Pep's Man City 2023,Phil Foden,FWD,9,25,10,7,69.4459199507313,12.541523230693082,0,1.3194444444444444,0,35,0.19999428587754636,0.7142857142857143,15.049827876831698
Pep's Man City 2023,Phil Foden,FWD,10,27,19,9,60.160156603994466,11.844275874784758,1,1.2659574468085106,0,46,0.19564792069737616,0.5869565217391305,14.21313104974171
Pep's Man City 2023,Riyad Mahrez,FWD,1,27,3,8,53.60497205918735,13.687865666948467,2,1.403225806451613,0,30,0.2666577780740642,0.9,16.42543880033816
Pep's Man City 2023,Riyad Mahrez,FWD,2,25,11,7,62.62024186875104,12.670592974319508,1,1.3108108108108107,0,36,0.1944390433599067,0.6944444444444444,15.20471156918341
Pep's Man City 2023,Riyad Mahrez,FWD,3,16,9,6,63.21319112392016,12.403879171309558,0,1.2692307692307692,0,25,0.23999040038398464,0.64,14.884655005571469
Pep's Man City 2023,Riyad Mahrez,FWD,4,28,12,10,76.17933822727151,12.869291001641834,0,1.3170731707317074,0,40,0.24999375015624611,0.7,15.4431492019702
Pep's Man City 2023,Riyad Mahrez,FWD,5,25,11,10,65.34204684538075,12.768020432763157,0,1.3108108108108107,0,36,0.27777006194272386,0.6944444444444444,15.321624519315787
Pep's Man City 2023,Riyad Mahrez,FWD,6,20,12,6,75.5569424888315,13.780844634456875,0,1.2727272727272727,0,32,0.18749414080809976,0.625,16.53701356134825
Pep's Man City 2023,Riyad Mahrez,FWD,7,22,18,7,67.83130822319525,13.055697310105645,1,1.2439024390243902,0,40,0.17499562510937228,0.55,15.666836772126773
Pep's Man City 2023,Riyad Mahrez,FWD,8,24,10,7,76.52888045128739,13.993167735991937,2,1.3142857142857143,0,34,0.20587629775594837,0.7058823529411765,16.791801283190324
Pep's Man City 2023,Riyad Mahrez,FWD,9,21,11,9,84.9975583195802,13.66337193030197,2,1.2878787878787878,0,32,0.2812412112121496,0.65625,16.396046316362362
Pep's Man City 2023,Riyad Mahrez,FWD,10,19,12,6,78.69883259952363,11.918274319899439,0,1.265625,0,31,0.19354214380181284,0.6129032258064516,14.301929183879325
Pep's Man City 2023,Julián Álvarez,FWD,1,18,8,7,71.43350179569751,14.24398734767914,1,1.2962962962962963,0,26,0.26922041459943846,0.6923076923076923,17.092784817214966
Pep's Man City 2023,Julián Álvarez,FWD,2,30,9,10,62.34171634353008,14.004368936353641,2,1.35,0,39,0.2564036819568729,0.7692307692307693,16.805242723624367
Pep's Man City 2023,Julián Álvarez,FWD,3,32,17,13,67.91732725378309,13.90881377484072,3,1.3,0,49,0.2653007081488133,0.6530612244897959,16.69057652980886
Pep's Man City 2023,Julián Álvarez,FWD,4,26,4,9,64.96137721208139,13.01679890879441,0,1.3870967741935485,0,30,0.29999000033332224,0.8666666666666667,15.620158690553291
Pep's Man City 2023,Julián Álvarez,FWD,5,23,13,8,63.907234877816094,13.050577192945648,1,1.2837837837837838,0,36,0.22221604955417906,0.6388888888888888,15.660692631534776
Pep's Man City 2023,Julián Álvarez,FWD,6,28,15,10,70.21229990644541,13.410672153110477,2,1.2954545454545454,0,43,0.2325527313318295,0.6511627906976745,16.09280658373257
Pep's Man City 2023,Julián Álvarez,FWD,7,27,17,8,59.67163731220076,11.747706520351446,1,1.2777777777777777,0,44,0.1818140496806891,0.6136363636363636,14.097247824421736
Pep's Man City 2023,Julián Álvarez,FWD,8,20,9,6,73.90418585490207,13.999625415296373,1,1.3,0,29,0.20688941760628943,0.6896551724137931,16.799550498355647
Pep's Man City 2023,Julián Álvarez,FWD,9,24,9,10,49.94252199435834,12.59032530179418,3,1.3235294117647058,0,33,0.3030211205721039,0.7272727272727273,15.108390362153017
Pep's Man City 2023,Julián Álvarez,FWD,10,29,10,11,50.02451038839839,13.008503165061521,1,1.3375,0,39,0.28204405015256023,0.7435897435897436,15.610203798073824
